county,state,lat,lon,total_population,population_density_per_sqmi,percent_fair_or_poor_health,percent_smokers,percent_adults_with_obesity,percent_physically_inactive,percent_excessive_drinking,teen_birth_rate,percent_uninsured,high_school_graduation_rate,percent_some_college,labor_force,percent_children_in_poverty,social_association_rate,violent_crime_rate,percent_severe_housing_problems,overcrowding,inadequate_facilities,life_expectancy,percent_frequent_physical_distress,percent_frequent_mental_distress,percent_adults_with_diabetes,percent_food_insecure,percent_insufficient_sleep,average_grade_performance,median_household_income,percent_enrolled_in_free_or_reduced_lunch,average_traffic_volume_per_meter_of_major_roadways,percent_homeowners,percent_severe_housing_cost_burden,percent_less_than_18_years_of_age,percent_65_and_over,percent_not_proficient_in_english,percent_female,percent_rural,per_capita_income,percentile_rank_below_poverty,percentile_rank_unemployed,percentile_rank_per_capita_income,percentile_rank_no_highschool_diploma,percentile_rank_socioeconomic_theme,percentile_rank_age_65_and_older,percentile_rank_age_17_and_younger,percentile_rank_disabled,percentile_rank_single_parent_households,percentile_rank_household_comp_disability_theme,percentile_rank_minorities,percentile_rank_limited_english_abilities,percentile_rank_minority_status_and_language_theme,percentile_rank_multi_unit_housing,percentile_rank_mobile_homes,percentile_rank_overcrowding,percentile_rank_no_vehicle,percentile_rank_institutionalized_in_group_quarters,percentile_rank_housing_and_transportation,percentile_rank_social_vulnerability,mean_winter_temp,mean_summer_temp,cluster
Adams,Illinois,39.9878781,-91.18853522,66949,78.28413304,14.77251796,15.45718712,36.6,27.6,19.67664752,26.95456851,5.236587005,91.51077038,68.06829766,32893,15.9,14.64504635,346.2692886,10.9948605,0.972834068,1.046255507,78.28820268,10.52273821,11.81446331,11.0,11.1,28.81150991,2.793094482,55174.0,53.60199328,98.74137798,71.67032967,9.81696546,22.49775464,20.23108188,0.18938482,50.81822472,32.59913864,26053.0,0.3244,0.4368,0.369,0.1748,0.29,0.6332,0.5215,0.3337,0.6348,0.5903,0.2849,0.2365,0.2225,0.7084,0.1869,0.1573,0.6154,0.5486,0.3372,0.2776,33.60727273,76.29868852,2
Alexander,Illinois,37.19152472,-89.33756723,7051,29.9378774,24.27254001,21.55191863,26.2,22.6,14.51238125,51.6028147,6.365124847,92.54711539,41.54175589,2153,44.5,12.6682502,1316.354271,17.55424063,2.91913215,0.946745562,74.44544154,14.83739879,15.42246464,7.9,22.2,36.43294075,2.209063385,35249.0,91.54589372,66.1085307,71.28712871,15.5210643,23.06930693,21.91419142,0.098814229,51.61716172,61.85967468,16067.0,0.9806,0.9293,0.9723,0.9398,0.9838,0.6507,0.6883,0.9417,0.9577,0.9984,0.7975,0.1805,0.4858,0.7931,0.6622,0.7921,0.9475,0.765,0.9943,0.9959,35.94727273,77.81114754,1
Bond,Illinois,38.88683973,-89.43556006,17137,45.06427457,15.59846691,16.57100852,25.5,24.9,20.24765573,17.88289588,6.612251628,91.73182527,61.9995205,7929,18.3,11.21076233,39.24646782,13.63636364,2.561983471,1.570247934,78.64610173,10.86962865,11.9751979,4.3,11.1,31.00416211,2.976485703,54800.0,46.54867257,34.31851164,77.48472178,7.494575196,19.44678292,18.55682502,0.207000376,48.0156344,60.73840612,23660.0,0.5536,0.3677,0.5482,0.454,0.4881,0.4476,0.1888,0.5718,0.2203,0.1337,0.4193,0.1977,0.2725,0.5966,0.6068,0.6912,0.6587,0.928,0.929,0.4938,35.17127273,74.74392857,2
Boone,Illinois,42.32306094,-88.82336484,53656,191.1266097,15.61434201,15.13581948,33.4,26.6,20.0023772,17.80250348,7.501940348,91.25632777,58.53345113,26473,13.5,6.540466803,170.9082419,13.85493073,2.472154306,0.190165716,79.45642525,10.47634997,11.32551311,9.6,7.7,30.90931551,2.835316158,74507.0,43.23343358,93.61367992,79.79819551,11.05177112,24.79235493,15.83515314,3.616650839,50.00653265,19.36305733,27825.0,0.2127,0.7036,0.2592,0.5603,0.4241,0.1684,0.8981,0.0907,0.8249,0.4591,0.6476,0.8797,0.8163,0.6476,0.2114,0.6692,0.2763,0.063,0.199,0.4339,31.60752061,75.03737705,3
Brown,Illinois,39.96183392,-90.75035135,6836,22.36861291,15.60150068,16.96256909,23.4,23.2,23.06851335,28.40236686,3.624733476,92.5,48.67021277,2896,14.8,10.42287076,134.3947069,7.746478873,2.816901409,0.0,77.89872326,10.31640435,10.81154339,4.6,10.9,32.84603125,2.718618721,55327.0,84.52054795,60.1734223,75.89841878,4.160475483,15.8785845,13.9261745,0.734375,35.25015253,41.06962664,21822.0,0.2455,0.2588,0.694,0.5683,0.4355,0.1449,0.0159,0.1445,0.3356,0.0156,0.6266,0.4088,0.5193,0.4059,0.4518,0.7154,0.5339,0.9911,0.7991,0.334,33.64981818,75.81344262,2
Bureau,Illinois,41.40415185,-89.52867917,33822,38.91912165,15.16562245,14.71160473,27.4,30.4,19.69558092,18.02431186,6.071332384,83.99439508,58.38414634,17390,17.1,16.54483651,131.6937723,10.9882269,1.534070639,0.606493043,78.62918334,10.52426466,11.68148322,11.1,9.4,31.14007801,2.937412975,56099.0,50.21467603,69.91894472,76.34190511,9.270880024,21.45303549,21.91677022,1.264222503,50.90170642,57.39035966,27332.0,0.3362,0.5116,0.2865,0.2477,0.3088,0.7529,0.4209,0.3025,0.6851,0.6173,0.3954,0.6227,0.5078,0.6046,0.1461,0.3604,0.5193,0.2681,0.2139,0.3219,31.23424788,75.83471698,2
Calhoun,Illinois,39.16925024,-90.6675377,4962,19.5489341,13.69214692,14.82506582,36.2,23.4,19.54381552,15.3531218,5.988184748,86.41034483,70.53941909,2340,15.3,0.0,133.3454122,9.302325581,2.273901809,0.206718346,83.30910094,10.10772126,11.58334434,8.2,10.2,30.19770087,3.282117736,56099.0,42.3670669,4.283903111,83.98891967,11.0787172,20.63723449,23.34443982,0.021720243,50.16659725,100.0,25341.0,0.2869,0.3422,0.4177,0.1687,0.2633,0.8784,0.304,0.6437,0.0293,0.369,0.0111,0.0,0.0057,0.1191,0.4935,0.6046,0.4537,0.5651,0.3467,0.1611,34.29818182,79.05672131,0
Carroll,Illinois,42.06869511,-89.93439675,14793,33.23800448,13.53228852,14.34995941,25.1,28.3,18.97435309,24.03156385,6.983394834,93.57191489,57.06594886,7525,17.0,15.84240254,46.85120837,10.45112782,1.203007519,0.52631579,79.3776071,9.99846473,11.33992795,8.3,9.7,28.00330767,3.09317614,51963.0,41.86256781,59.02707469,76.23533045,8.925991331,19.37534936,25.51006149,0.384280743,50.13275573,81.87430948,27325.0,0.2321,0.3964,0.2875,0.2477,0.249,0.886,0.1576,0.4107,0.1834,0.2254,0.2264,0.531,0.3543,0.5642,0.1751,0.2404,0.4537,0.3594,0.1732,0.1665,30.4464297,73.22622951,0
Cass,Illinois,39.97357618,-90.24742647,13068,34.77282009,17.31809673,15.9206666,34.7,26.9,19.70301273,38.79149571,8.503599922,84.84736,46.2962963,6162,15.8,13.59456218,518.054589,9.365853659,2.43902439,1.463414634,77.44898436,11.0059103,12.03405098,6.8,8.6,30.72496984,2.498333348,52486.0,64.47140381,31.34797517,74.6616242,6.676312526,23.80097879,17.84665579,6.162937949,49.49429038,52.13311831,25010.0,0.3852,0.7453,0.447,0.5861,0.561,0.3999,0.7666,0.2763,0.6963,0.6008,0.6202,0.9284,0.8287,0.5498,0.5807,0.646,0.5801,0.3381,0.5874,0.681,33.50072727,75.11934426,2
Champaign,Illinois,40.14009803,-88.1992076,206420,207.1999458,16.33273794,15.76518125,30.8,22.1,20.56380615,12.83684188,6.059115636,86.29738524,79.98687541,105669,17.5,11.89117427,487.2054149,19.79114868,3.294380905,0.845350572,80.52904975,11.4578616,12.14908995,9.3,15.0,29.26815033,2.966208053,53251.0,50.70562909,213.9318367,53.63337737,17.21814121,18.77961549,12.82484773,1.863580075,50.17025188,12.71030082,27373.0,0.8138,0.3018,0.2833,0.0325,0.3228,0.0538,0.1213,0.0242,0.4565,0.0172,0.7096,0.7393,0.7736,0.9838,0.1566,0.8179,0.9411,0.8978,0.9841,0.4741,34.50024788,75.25934426,3
Christian,Illinois,39.54580842,-89.27728006,33888,47.77149247,14.40016855,15.65915609,29.2,29.2,20.22434541,30.83359157,6.026812196,90.72460263,56.04863984,14837,17.9,14.5006344,184.7463004,8.417266187,0.863309353,0.611510791,77.54192292,10.47570219,11.79118402,13.6,10.9,30.50164621,3.005759643,52936.0,53.20487613,82.6054871,74.5103666,7.775768535,20.23820459,19.93509078,0.193503363,49.11362175,43.45114943,23823.0,0.3664,0.2502,0.5355,0.4467,0.3827,0.6243,0.3254,0.3913,0.7931,0.5979,0.1366,0.1197,0.0821,0.6301,0.219,0.1254,0.4877,0.8255,0.3703,0.2986,34.49416708,75.18885246,2
Clark,Illinois,39.33359575,-87.78768974,16089,32.08683164,15.40135046,16.05771988,36.8,28.2,19.53892954,28.14899062,5.916646971,89.41529126,65.17553794,7775,16.2,17.75860976,189.1327476,8.539325843,1.797752809,0.119850187,77.60194767,10.96800426,12.34978626,6.7,11.0,31.47777367,3.202680289,54092.0,53.96211828,44.21238334,73.914969,6.179514908,22.69812773,19.85765581,0.241464887,50.33983073,59.54086318,25806.0,0.5387,0.7561,0.3862,0.3161,0.5135,0.6437,0.5275,0.6183,0.6367,0.7997,0.0427,0.2133,0.0818,0.269,0.5342,0.4811,0.1261,0.3419,0.1592,0.3203,35.35962162,74.53311475,2
Clay,Illinois,38.75415775,-88.4901667,13466,28.75348562,14.93819057,15.83194353,23.5,35.1,19.65019999,39.98505232,6.203615604,83.59451613,62.9969419,6611,18.8,20.34817997,59.75500448,9.838998211,3.202146691,0.53667263,76.98716758,10.78118532,12.13691869,8.9,10.9,30.81754993,2.73573742,45427.0,52.22363405,55.83905509,77.01312522,8.826815643,22.93820267,20.31992756,1.231918614,50.47159134,64.7339848,23843.0,0.398,0.3677,0.5339,0.4091,0.4171,0.659,0.4868,0.7692,0.837,0.9341,0.0586,0.4674,0.2248,0.1394,0.767,0.8004,0.313,0.6145,0.5533,0.5205,35.41727273,76.70101695,2
Clinton,Illinois,38.60645123,-89.42249738,37858,79.85493684,12.99059161,15.02120629,38.9,21.0,23.21268399,16.76646707,4.757741838,86.47207137,66.69713589,20378,10.2,11.96363056,146.249638,9.778729479,1.063526053,0.642398287,79.65517759,9.53502749,10.92484065,13.2,8.3,30.83209375,3.512787722,66597.0,35.93721145,49.44389931,78.89358703,8.649819495,21.1270225,17.2241558,0.292529253,48.19469168,48.7580107,29512.0,0.1226,0.2254,0.1761,0.3438,0.1691,0.3575,0.3426,0.3025,0.3617,0.1114,0.3107,0.3095,0.2754,0.3999,0.5164,0.1878,0.234,0.8364,0.3187,0.1293,35.38436364,77.1042623,0
Coles,Illinois,39.52027554,-88.22181532,52802,103.8821481,17.7365982,18.78808605,36.6,29.9,19.95605115,16.54719235,6.944306068,93.80209933,68.04895724,24195,21.8,13.46697705,277.5120524,15.16947144,0.971794264,0.829580469,78.63996532,12.22098101,13.68662309,9.6,14.2,31.16104807,2.898135668,47291.0,51.64702327,173.6485981,61.6065093,14.26947972,18.08391471,16.91854181,0.454305764,51.50240739,24.28860468,23944.0,0.8223,0.5813,0.5256,0.2837,0.5762,0.2732,0.0732,0.3133,0.5702,0.0751,0.3244,0.4346,0.3559,0.8975,0.2346,0.1611,0.6425,0.9016,0.6667,0.4164,35.31125799,76.05180328,1
Cook,Illinois,41.84003921,-87.81671569,5227575,5531.878539,17.14085106,13.77618316,28.0,21.0,22.23790134,24.4862499,9.972268492,88.18000329,70.5407723,2611512,18.8,7.20938475,619.8135909,22.16842035,3.627783286,0.81189585,79.41572961,10.21077351,10.9586183,9.5,12.0,33.40278161,3.192471554,63347.0,63.11266796,947.1427141,56.8883942,18.85272156,21.80626438,14.6350357,7.028651671,51.43163016,0.045296385,32179.0,0.5664,0.8259,0.0961,0.5734,0.5304,0.1394,0.5237,0.0831,0.6507,0.1223,0.9182,0.9532,0.9631,0.9863,0.0258,0.8491,0.9882,0.4371,0.8742,0.6937,30.96918919,76.39311475,3
Crawford,Illinois,39.00273279,-87.75964039,19441,43.82252471,14.34633984,15.97957443,27.5,29.0,20.9788441,30.160487,5.925141243,88.61103203,62.27061908,8777,17.1,15.82195032,288.5308969,10.86240948,1.171823568,1.316655695,77.74608432,10.22964467,11.5226947,11.5,10.7,30.93811676,3.067572967,52313.0,44.90010515,42.97638452,78.19155887,10.71717444,19.89152975,18.91317063,0.902447127,47.72159302,60.16551446,26245.0,0.2824,0.4823,0.3543,0.375,0.3467,0.6049,0.1554,0.581,0.4292,0.306,0.3286,0.533,0.4183,0.1429,0.4429,0.2356,0.3814,0.9064,0.2884,0.2904,35.44218182,74.53311475,2
Cumberland,Illinois,39.27331383,-88.24022018,10890,31.47164132,14.49617044,15.86359285,32.5,28.0,20.19819532,21.69197397,6.530147895,87.35281385,56.66403786,6080,15.2,10.08434177,115.1596112,10.33254157,2.137767221,0.593824228,79.25609051,10.60402299,12.04596991,21.3,10.2,30.22752274,2.567773723,60572.0,42.40390482,45.21379024,79.1994447,6.69206954,22.16876388,19.58734271,0.117670131,50.25906736,100.0,22786.0,0.5387,0.4094,0.6154,0.3919,0.4998,0.5753,0.5591,0.7233,0.4244,0.7074,0.035,0.0,0.0089,0.1414,0.6046,0.5734,0.4734,0.2232,0.2515,0.3015,35.32525799,76.05180328,2
De Witt,Illinois,40.17461939,-88.90408826,16322,41.05673486,13.91735839,15.47872977,27.5,25.0,20.23184046,27.08460134,5.205820559,87.31065868,64.56336528,7582,17.4,13.80002509,188.2320134,7.8125,1.264880952,0.208333333,76.70646798,10.28065712,11.61873399,10.2,10.1,30.13199512,3.192124824,55300.0,46.88974689,123.7571107,79.36365001,6.654228856,21.35836134,19.2212569,0.46149789,50.51049528,48.75309462,28294.0,0.263,0.5552,0.2308,0.1748,0.2652,0.5651,0.3894,0.1971,0.2792,0.134,0.1461,0.4034,0.2362,0.5018,0.2455,0.2738,0.1404,0.3916,0.0968,0.1003,33.4184297,75.47803279,0
DeKalb,Illinois,41.8935481,-88.77032413,104458,165.4514639,15.74336024,15.89541067,31.7,19.8,23.18572685,10.25208057,6.307213369,89.92662711,74.64826632,55487,13.2,9.261646282,275.7612668,19.37642179,2.713769571,0.666399037,79.55621492,11.09401395,12.32187704,5.6,12.6,29.03962551,3.079743153,63274.0,40.4922516,114.8280033,56.96628916,14.93534955,21.40518326,12.64799362,1.51566081,50.47482788,20.30524914,25172.0,0.6603,0.8007,0.4339,0.1178,0.5177,0.057,0.4027,0.057,0.6937,0.0729,0.5989,0.7329,0.6972,0.9287,0.093,0.7214,0.5339,0.8179,0.7966,0.5272,31.96624788,73.17770492,3
Douglas,Illinois,39.76946546,-88.21737671,19770,47.44824375,15.06231061,15.71502859,30.9,24.2,20.24937053,19.80874317,9.278286705,96.45586481,54.12133891,10212,13.3,15.19141179,223.221206,10.97883598,1.851851852,1.058201058,78.74272574,10.70971524,11.99385604,8.7,9.4,30.72102476,2.953336297,56976.0,41.56104069,46.19169821,71.68548175,9.293987865,24.88834129,18.09127779,1.163739192,50.61348119,61.63663664,26309.0,0.2321,0.2837,0.3483,0.6539,0.3559,0.3894,0.845,0.1114,0.1465,0.1601,0.3403,0.7205,0.533,0.5244,0.1964,0.5024,0.9023,0.1544,0.3652,0.3085,35.16689435,75.25934426,2
DuPage,Illinois,41.85195487,-88.08563937,930514,2841.112492,12.90253039,12.25749625,26.9,18.1,19.84850063,8.720363302,6.397594659,94.30700708,78.39703717,508650,7.9,9.332048922,88.58596132,15.87385873,2.386536277,0.71832087,82.38483293,9.036441996,10.2467465,8.7,6.7,29.9222743,3.368424452,93540.0,28.48606524,509.6694772,73.17676107,13.30982575,22.6744017,15.50072206,3.723421856,50.8705143,0.047550288,40547.0,0.0382,0.3964,0.0191,0.1296,0.0863,0.1589,0.6358,0.0194,0.1614,0.0401,0.7173,0.8835,0.8548,0.9694,0.0064,0.6479,0.2206,0.2913,0.2999,0.1579,32.94915698,74.17901639,3
Edgar,Illinois,39.67855847,-87.74559991,17828,28.59920575,14.65434153,15.3602903,30.9,28.9,19.36922727,27.88622421,6.01193546,86.90917226,61.51348651,9200,19.5,15.58171745,293.7666391,11.3145847,0.71942446,1.373446697,77.09126212,10.57316114,12.08494164,9.0,11.5,29.44144233,2.795954826,51577.0,46.62004662,114.6687311,75.65217391,9.352517986,20.39170507,21.75691244,0.456840587,50.97926267,51.80340224,25122.0,0.5304,0.8007,0.4384,0.4616,0.5804,0.7676,0.3582,0.5492,0.7026,0.7685,0.0248,0.2993,0.1165,0.4709,0.3155,0.0697,0.6934,0.4632,0.2493,0.3996,35.2534398,76.4304918,2
Edwards,Illinois,38.41655061,-88.05328485,6612,29.72773141,13.88110493,14.98696235,30.2,26.5,20.09601408,32.97546012,5.818965517,98.4,69.12704045,2779,14.7,21.58495221,159.6962749,7.942238267,0.866425993,0.685920578,79.09110392,10.27045505,11.64323871,5.3,9.5,30.24345219,3.414129424,51280.0,38.76889849,57.90267345,82.42074928,4.763676963,22.41864831,21.51126408,0.423936084,50.73529412,100.0,25235.0,0.2455,0.5552,0.4266,0.375,0.3843,0.7011,0.5517,0.5107,0.4288,0.6402,0.0376,0.1869,0.0675,0.2735,0.7192,0.1108,0.2939,0.1172,0.0891,0.1901,35.59581818,76.1904918,0
Effingham,Illinois,39.05979093,-88.58987405,34356,71.75780906,14.11345331,15.11828271,27.2,21.6,22.62496504,27.47015677,5.594827892,92.33903567,66.24028691,19119,12.7,15.23497012,180.7642893,7.547878333,1.081487045,0.826135937,78.89680338,10.0247221,11.40297384,12.2,9.3,28.55690687,3.306909863,60773.0,37.75671406,139.8647907,77.65400221,7.087334248,23.69036483,17.66545837,0.81715717,50.17832086,59.69861574,27680.0,0.192,0.2369,0.2693,0.2209,0.1847,0.4352,0.6781,0.2763,0.4441,0.3524,0.0684,0.3731,0.1767,0.6819,0.3719,0.185,0.3473,0.3091,0.2104,0.1359,35.19671253,75.89766667,0
Fayette,Illinois,39.00019534,-89.02413948,22025,30.74036357,16.63998907,17.43324282,24.2,27.0,19.78499001,34.11214953,7.200450028,89.14113842,52.17792543,9810,20.9,16.06683805,135.337619,10.91503268,2.026143791,0.836601307,78.63176358,11.57174497,12.5642652,10.8,12.3,31.21756365,3.087619797,47484.0,54.96261047,56.6076093,80.52783613,9.877562251,21.09170714,18.98580501,0.360132373,47.21703399,66.98735321,21665.0,0.5234,0.66,0.702,0.7221,0.6972,0.4476,0.3693,0.6361,0.4791,0.4171,0.2996,0.3922,0.3123,0.242,0.7147,0.5377,0.3986,0.9029,0.6447,0.5893,35.23,77.67901639,2
Ford,Illinois,40.5972002,-88.2232719,13758,28.33148799,15.31636168,16.44193842,25.2,27.8,19.69186212,24.12504247,6.186821415,84.907,64.00662252,6334,15.9,17.31927711,252.2590361,10.5913504,1.094439541,1.85348632,76.11749784,11.0241432,12.35301323,4.9,11.4,30.55639172,3.231968396,55357.0,44.39802507,38.80045419,70.58314587,9.206004703,22.89656212,18.75,0.323777936,50.57297949,41.77970315,25524.0,0.3906,0.5947,0.4053,0.3919,0.4397,0.7211,0.5712,0.6183,0.4734,0.772,0.1671,0.2496,0.1636,0.582,0.0968,0.1926,0.3814,0.6692,0.2194,0.3295,33.71788425,74.26163934,2
Franklin,Illinois,37.99228695,-88.92414534,39503,96.61029619,17.29238859,17.77305101,26.6,28.5,18.54216935,45.81973387,6.754477031,83.33619835,63.71440991,17065,26.0,16.39302272,160.3082418,11.40296663,1.143386897,1.174289246,75.60242488,12.06497233,13.2388533,7.2,13.7,30.91618435,2.844448673,42071.0,47.67083266,130.3256666,73.81468857,11.53016537,22.25265497,20.49559443,0.111255834,50.6679414,48.58067289,22119.0,0.7147,0.8854,0.6683,0.4664,0.7316,0.7011,0.4489,0.8083,0.6402,0.8812,0.0691,0.2174,0.0996,0.4604,0.5164,0.2092,0.8195,0.2139,0.3381,0.5552,35.75963636,76.37606557,1
Fulton,Illinois,40.47277131,-90.20747947,36047,41.6442034,15.80007241,16.78484671,28.8,23.2,19.38244347,31.88191882,6.384141107,89.02998576,59.62874388,15224,20.5,16.80432925,115.2903877,10.86341118,1.089879689,1.238499646,76.53353107,11.12083789,12.06010379,8.1,12.1,31.54493792,2.892076116,51258.0,50.19952115,90.54252338,76.82753726,8.890671723,19.77958903,20.62621972,0.914082208,47.95947652,60.02589765,22969.0,0.4947,0.6361,0.6014,0.4744,0.5724,0.659,0.2219,0.4527,0.7504,0.5556,0.2916,0.6157,0.4419,0.5995,0.1296,0.1961,0.6154,0.8707,0.4346,0.5189,32.65661152,73.66786885,2
Gallatin,Illinois,37.76271035,-88.2305496,5325,16.48245355,16.57260852,17.02715663,23.0,24.2,18.31686076,35.60209424,6.622004638,89.5,57.39130435,2434,31.9,11.81102362,179.6743403,5.664488017,0.610021787,1.74291939,74.00043471,11.70581823,13.05596323,14.1,12.2,30.39219771,3.172029873,43330.0,64.2287234,22.51085028,75.10803803,6.503298775,20.838276,23.28983788,0.347435111,51.16646896,100.0,23109.0,0.5304,0.7752,0.5918,0.5546,0.6507,0.8765,0.3734,0.9118,0.6418,0.9472,0.1054,0.2082,0.1127,0.086,0.6663,0.1016,0.3626,0.0204,0.0401,0.3766,35.84690909,76.15185185,2
Greene,Illinois,39.35621604,-90.39046749,13390,24.65843768,15.49856515,16.87536568,28.2,28.3,19.51663645,28.70813397,6.429601153,95.24280702,50.11279407,6015,19.9,12.90420525,202.9464823,10.98484849,1.231060606,1.041666667,75.87246675,11.1154019,12.35100635,11.4,12.1,30.72922864,2.920299304,47314.0,57.93991416,8.946835794,79.08091908,5.965133375,21.26648267,19.55688439,0.047778309,49.66268016,70.84833645,21916.0,0.6097,0.6466,0.6864,0.5603,0.6654,0.6151,0.3703,0.5419,0.5049,0.5056,0.0408,0.0678,0.0267,0.063,0.4167,0.2614,0.4537,0.531,0.1541,0.3126,34.27163636,75.81344262,2
Grundy,Illinois,41.28511276,-88.41849162,50338,120.4109244,13.5144132,14.51444213,34.9,24.6,22.15697892,13.85018157,4.997594006,93.8174204,66.50827827,25255,8.3,9.488791365,101.4167926,14.64073474,1.372231226,1.836844949,78.63598285,9.495259384,10.84469645,4.9,9.0,29.77661616,3.150971673,79348.0,26.33373934,154.4836925,71.13619961,10.49950102,25.31193597,14.07243192,0.882470919,50.12555913,24.37528714,30232.0,0.1382,0.5947,0.148,0.1025,0.2038,0.135,0.8755,0.121,0.3499,0.1547,0.4288,0.4973,0.4537,0.7125,0.1869,0.3018,0.1754,0.0564,0.0716,0.1057,32.55406607,74.45278689,3
Hamilton,Illinois,38.08157561,-88.53911783,8251,18.98241836,15.21274661,16.02956893,25.4,27.5,19.44264249,26.84144819,5.684835234,98.7,71.99778639,4493,19.6,35.39175006,55.39143279,9.572901326,0.706921944,1.17820324,78.16389302,10.76056333,12.16324538,19.3,10.6,30.31211982,3.182552676,53028.0,49.79658259,38.04712171,80.59834123,5.805837564,21.97721426,21.84245988,0.206318504,51.09641063,68.09743408,24309.0,0.4575,0.1754,0.4954,0.3161,0.3286,0.7676,0.4769,0.581,0.1181,0.4263,0.0022,0.0509,0.0127,0.2642,0.7488,0.0891,0.234,0.3416,0.1401,0.1385,35.76781818,76.15185185,0
Hancock,Illinois,40.4037517,-91.16473997,18633,23.47536895,13.99710985,14.65254166,31.1,30.5,19.01184523,20.40238028,5.572017056,82.22076372,60.99309612,8469,16.8,17.75804662,75.6859035,7.313915858,1.229773463,0.517799353,79.42305356,10.47173764,11.72935542,7.4,9.9,29.49886074,3.214371184,53553.0,50.15522594,47.17094079,81.49595687,5.8897418,20.92580139,23.16745124,0.204105435,50.40349697,70.97466499,25647.0,0.2375,0.4957,0.3973,0.1238,0.2741,0.8765,0.2821,0.3133,0.2136,0.2512,0.0509,0.1923,0.0761,0.2713,0.3085,0.2544,0.2763,0.3524,0.0777,0.0907,33.22836364,75.58983607,0
Hardin,Illinois,37.51821737,-88.2668844,4173,23.50613269,17.61705452,17.95819251,24.5,25.5,17.95486278,23.89937107,7.293466989,91.8,59.84930032,1343,32.0,7.414730598,206.5864625,11.62790698,0.664451827,2.325581395,72.04035276,12.12286065,13.24903849,4.9,13.2,31.4711928,2.576312517,41713.0,54.62478185,7.680945463,80.31988873,4.955621302,18.15856778,25.70332481,0.0,49.25831202,100.0,21573.0,0.6944,0.9904,0.7106,0.6925,0.8281,0.5524,0.0659,0.9866,0.0872,0.2563,0.2671,0.0,0.0872,0.0258,0.8348,0.0602,0.7835,0.4629,0.313,0.4521,35.96854545,76.15185185,2
Henderson,Illinois,40.81803234,-90.92511483,6966,18.38616923,13.84506387,14.31435269,26.5,31.9,18.85581456,21.45922747,7.515698587,82.0,60.97372488,3664,16.1,11.77336277,195.7432113,6.382978723,1.112929624,0.818330606,78.71419069,10.06532172,11.54399777,13.5,10.1,29.99385634,2.436465458,53632.0,56.47208122,17.600451,81.37123746,4.0361865,18.11000149,25.13042182,0.061031431,51.17007006,99.6589824,26504.0,0.1812,0.5947,0.3384,0.3827,0.348,0.8943,0.1305,0.6437,0.8532,0.8481,0.0564,0.1566,0.0624,0.0996,0.5466,0.1646,0.0872,0.1054,0.0162,0.1522,32.48444444,75.66491803,2
Henry,Illinois,41.35314456,-90.13143703,49681,60.36599073,14.37869936,14.6948895,36.6,25.6,20.29593784,23.50235024,6.245360772,92.07264463,65.03590664,25083,16.6,13.9879987,129.8134491,7.973174367,0.546448087,0.471932439,79.27560083,10.23593088,11.53160682,13.7,9.9,29.64441109,3.135785179,58042.0,41.73086182,67.68343235,77.78055237,7.83746058,22.36096965,20.33204319,0.796181752,50.15481768,50.27532385,27777.0,0.2824,0.2837,0.2652,0.3827,0.2627,0.6243,0.5415,0.2114,0.2798,0.2391,0.334,0.5708,0.4403,0.5947,0.0805,0.0522,0.3626,0.3623,0.0758,0.1515,31.15515698,75.63704918,0
Iroquois,Illinois,40.74724995,-87.82435677,28814,25.78916485,16.11665744,15.64665916,29.0,25.7,18.47785877,27.16213964,7.744340144,94.02128936,57.36049015,14394,16.6,15.42545559,136.3662191,13.82352941,1.764705882,2.394957983,75.59595667,11.15108927,12.34048313,8.5,10.4,30.61407498,3.245136126,55247.0,50.15098722,64.54833644,76.8571186,12.35541535,21.60556441,21.56209245,1.225591245,50.87306188,71.74103237,25562.0,0.5234,0.4823,0.4024,0.3973,0.4451,0.7876,0.4546,0.4015,0.4772,0.5887,0.3378,0.6622,0.5014,0.5094,0.1391,0.468,0.2496,0.4005,0.1656,0.3566,34.16497516,74.47833333,2
Jackson,Illinois,37.7851512,-89.38213476,59188,101.336872,19.08448859,18.82257236,23.7,24.8,19.47882961,20.05436424,7.696635292,86.6355094,77.46802002,28137,28.9,15.78477798,418.5206021,20.76906824,0.802873442,1.288823157,78.2574653,13.140455,14.09463564,4.8,17.6,34.51754087,2.592019524,41445.0,63.24822695,152.4871519,51.9386379,19.59692029,18.2396071,15.70386109,0.75450633,50.27778262,37.16662792,21948.0,0.9507,0.767,0.6835,0.1356,0.6749,0.1449,0.0748,0.2763,0.3044,0.0255,0.6412,0.5107,0.5864,0.9421,0.4935,0.106,0.9312,0.8832,0.8943,0.5568,35.77745455,77.77278689,1
Jasper,Illinois,39.01003611,-88.15382835,9592,19.39678906,13.66260585,14.92507132,24.9,20.5,20.21745679,20.27695351,5.823605707,93.0,63.50777935,4617,15.4,15.66088954,157.5212307,7.392473118,0.107526882,1.478494624,79.72659221,10.01566403,11.5233786,10.0,9.8,28.92736947,3.077893665,54552.0,41.47768837,30.11601763,82.41247265,10.08259755,22.99448549,19.37363438,0.621186911,49.97398814,69.8597649,25811.0,0.0716,0.148,0.3859,0.2923,0.1783,0.5651,0.5807,0.581,0.0551,0.3158,0.0185,0.0487,0.0156,0.4021,0.5116,0.0159,0.0497,0.084,0.0204,0.0315,35.41216708,76.50393443,0
Jefferson,Illinois,38.30053749,-88.92399579,38523,67.4462118,17.08851684,17.1556194,33.3,24.7,19.35496759,42.59605699,5.872437044,86.01687657,59.63810538,17661,25.5,19.12045889,602.7082735,12.37656353,1.909150757,1.843317972,76.06537784,11.41197485,12.53693355,9.9,13.6,31.34239295,2.9279266,47425.0,60.60816681,94.09151159,72.68606714,10.66422913,22.13643575,19.14066631,0.329820835,48.58011634,58.77095835,23054.0,0.6291,0.8007,0.5957,0.5683,0.6944,0.5524,0.4082,0.738,0.6896,0.7746,0.4613,0.2483,0.3238,0.7806,0.717,0.5123,0.7972,0.8529,0.9634,0.8087,35.66963636,76.60557377,1
Jersey,Illinois,39.08568533,-90.35669373,22441,60.76948456,13.52778349,14.59159421,33.8,35.4,20.97008116,15.45735588,5.04406308,84.5,66.97664807,11007,13.6,8.203819334,132.0471789,11.18721461,0.787671233,1.141552511,76.64849245,9.875248176,11.26829857,14.4,9.2,30.0761508,3.397190294,59117.0,43.34497478,42.4434052,80.69244085,9.533444418,20.39181581,19.49924475,0.627465893,51.12830137,60.56993692,26346.0,0.1041,0.6466,0.3461,0.2143,0.2929,0.533,0.3473,0.2846,0.4954,0.2404,0.0729,0.3168,0.1509,0.4352,0.3085,0.1044,0.234,0.7765,0.1939,0.1503,34.38036364,79.05672131,0
Jo Daviess,Illinois,42.36576243,-90.21250527,22186,36.92093588,12.83525727,13.21204477,28.7,25.8,19.35799461,15.52328493,7.12692038,92.88933474,62.58389262,10983,12.2,10.65110679,131.1128491,11.29032258,0.978147763,0.780437045,79.99890734,9.515643095,10.98810403,10.3,8.5,27.42959459,3.087602978,56832.0,34.01442308,66.36187828,78.1512605,9.711732794,18.80089862,28.10072077,0.592989336,49.957877,72.5901755,29892.0,0.1143,0.2369,0.1636,0.155,0.1143,0.9274,0.1726,0.2025,0.2353,0.1818,0.1538,0.3082,0.1878,0.3228,0.1869,0.1576,0.4734,0.1299,0.0449,0.0385,29.92024788,73.22622951,0
Johnson,Illinois,37.45963631,-88.88093142,12866,37.41019932,16.13760795,16.53065971,24.6,26.1,20.14074048,24.54282964,5.878887842,97.23839123,45.88717302,4100,16.4,12.40310078,262.1400945,9.655937847,1.420643729,0.554938957,78.17908696,10.80715756,11.69374555,8.2,12.6,31.36234837,3.073733149,53884.0,47.99780582,27.48623371,84.13173653,8.451041417,18.48908157,21.48362235,0.033336111,45.43192036,100.0,20928.0,0.3002,0.7561,0.758,0.6829,0.6632,0.6686,0.07,0.6673,0.2069,0.2143,0.4648,0.1019,0.2451,0.2378,0.7829,0.3114,0.4187,0.9745,0.602,0.4855,35.87527273,74.47111111,2
Kane,Illinois,41.93888869,-88.42864695,526615,1012.403909,16.04068867,13.14262051,28.8,14.8,20.90298565,20.69574537,9.103724508,88.10308255,61.926219,273901,11.9,7.20074364,165.7173852,17.7555837,3.997812572,0.958438867,81.48802991,10.13489139,10.8031875,9.5,5.7,32.00402643,3.217044096,79834.0,42.04858663,200.324178,73.47767481,13.46260515,25.45955194,13.66656933,6.990260349,50.19804723,3.558335549,31774.0,0.205,0.5116,0.1035,0.6995,0.3563,0.078,0.922,0.0194,0.5785,0.2079,0.8271,0.9589,0.9335,0.8287,0.0223,0.88,0.313,0.1827,0.3413,0.4394,32.44988425,74.17901639,3
Kankakee,Illinois,41.13771689,-87.86183075,111493,164.7913764,16.44573353,16.02343514,41.2,36.5,19.61937866,24.14302809,6.658104407,93.16377863,60.43712147,55920,20.2,10.94840564,317.8417569,15.77322134,1.432806324,0.926383399,76.4785506,11.10771541,12.05135594,10.8,12.2,31.54422293,2.941758372,53884.0,50.56705975,230.9963548,68.21223471,14.34514087,22.74321966,16.85995783,1.347172088,50.77982986,24.45680438,25111.0,0.5014,0.7036,0.4397,0.4951,0.5536,0.2639,0.7205,0.6008,0.8529,0.8071,0.6743,0.6937,0.7227,0.7205,0.3155,0.3282,0.7182,0.8071,0.6966,0.7307,33.52370243,74.47833333,1
Kendall,Illinois,41.59054554,-88.42884135,121452,379.2005731,13.43504206,13.87534136,31.4,22.0,23.11610159,8.986584775,5.256361832,95.26710394,72.79316522,67661,5.4,5.308276157,104.2036998,12.70528326,1.884150223,0.534691279,81.96453414,8.901984245,10.11881612,7.6,5.5,30.59355716,3.495286134,93345.0,26.93606138,152.6079705,83.04254213,11.73787327,28.46577806,10.2583747,2.97118666,50.42801861,10.41957189,31920.0,0.0131,0.2837,0.0987,0.0891,0.0509,0.0156,0.9685,0.0076,0.5829,0.1977,0.6791,0.8456,0.8144,0.7358,0.0032,0.4954,0.015,0.0252,0.0455,0.1086,32.47061152,74.45278689,3
Knox,Illinois,40.93181491,-90.21326917,51752,72.23748139,17.96199882,17.7575838,29.2,30.1,18.29835181,29.38024647,5.780457199,86.84771784,56.34720653,22203,22.7,13.62613057,354.787355,11.53937101,1.300543864,1.347836368,77.15067983,12.02675777,12.8971901,17.5,13.4,30.26883989,3.01648067,44553.0,54.49543941,93.21525069,65.42006721,10.18,19.63002874,21.59163474,0.501564799,49.56696999,24.32018746,22939.0,0.6227,0.4957,0.6036,0.4467,0.5626,0.7211,0.1926,0.5934,0.5654,0.5466,0.5151,0.4556,0.4807,0.8411,0.1751,0.2767,0.8771,0.8997,0.7835,0.6336,31.70697516,74.01147541,1
Lake,Illinois,42.32337829,-88.00363099,702890,1583.524436,14.0446992,13.75903326,25.4,19.8,20.37371527,14.23009356,7.134818399,90.9434514,69.37458815,378401,10.3,7.71833068,154.1985724,16.33542288,2.577330182,0.58575686,81.61116416,9.247481967,10.65558601,8.7,6.5,31.91934019,3.214026071,87336.0,33.09985519,203.2313116,73.35248823,13.80883475,24.09792932,14.24164422,4.837146386,50.02040432,1.267303707,40655.0,0.0961,0.5256,0.0181,0.3161,0.1948,0.0965,0.8532,0.0242,0.4976,0.1522,0.7749,0.9198,0.8972,0.9004,0.0605,0.6956,0.2763,0.6078,0.5021,0.3502,32.88752061,71.92065574,3
LaSalle,Illinois,41.34399369,-88.88596252,111935,98.60932792,15.10722291,16.06501748,28.1,29.9,20.67733112,25.05183869,5.921120497,85.48473066,59.70755792,56230,20.2,12.99208664,124.6198629,13.29727293,0.991661032,0.664863647,77.11869064,10.74703244,11.68412101,13.3,10.4,30.60646585,3.011447475,54063.0,48.20042343,122.306857,72.45766508,11.24276724,21.53248652,18.93173718,1.105730041,49.53303482,30.2148801,26228.0,0.3852,0.8173,0.3553,0.4193,0.5062,0.5237,0.4196,0.2846,0.4693,0.2604,0.4502,0.6332,0.5473,0.6415,0.1869,0.1624,0.5339,0.6514,0.319,0.3973,32.09370243,75.83471698,2
Lawrence,Illinois,38.71998612,-87.72674475,16582,44.55395585,16.68972613,17.81350613,22.6,26.0,20.89517777,43.83242824,6.798065517,79.02078365,49.85884908,5981,20.9,16.69965364,107.3114895,10.2610261,3.060306031,0.810081008,75.84089084,11.24950706,11.96282952,17.2,13.3,32.9393126,3.020515199,43767.0,56.84016582,38.08289404,71.07747396,8.25059911,18.6869648,17.43101808,0.697113819,43.95179194,58.01699044,16417.0,0.5189,0.3298,0.9663,0.8685,0.7176,0.4352,0.1219,0.8819,0.6361,0.5489,0.6132,0.6753,0.6695,0.6065,0.4429,0.7911,0.3986,0.992,0.8571,0.7985,35.51363636,77.7836,1
Lee,Illinois,41.74620692,-89.3004019,34718,47.8963572,15.23854143,16.01859513,37.1,27.7,19.58777584,24.23140997,5.810965727,83.3757329,62.42754052,17831,14.3,13.66040807,141.6221639,10.40355424,1.517956313,0.851536468,78.74511436,10.45377804,11.48777074,8.4,9.9,29.67133007,2.903452355,54915.0,44.18493804,133.6825754,72.81553398,8.859900468,19.6943576,19.60085323,0.707640689,46.89828478,53.21251145,27021.0,0.263,0.4368,0.3069,0.4257,0.3231,0.5237,0.2146,0.3337,0.5084,0.2015,0.4394,0.5629,0.503,0.6472,0.1869,0.3709,0.4877,0.916,0.5393,0.3448,31.14352061,72.92786885,2
Livingston,Illinois,40.8915759,-88.55772436,37278,35.69910269,15.27544971,15.97755374,34.3,26.9,20.11802621,26.45433009,5.722268587,93.65670478,52.44460077,16610,16.3,16.70409113,183.6448093,12.151463,1.204819277,1.135972461,76.90120832,10.47442141,11.78139863,10.3,10.7,30.22720485,3.124268453,59323.0,44.05316762,69.77940088,72.06703911,11.6528628,21.45353877,19.20527949,0.276605037,49.84759934,40.80359435,26777.0,0.3161,0.3964,0.3187,0.4257,0.3343,0.5018,0.3957,0.4212,0.7342,0.5279,0.384,0.383,0.3626,0.6593,0.2455,0.2413,0.5985,0.9118,0.5648,0.397,33.01097516,75.11704918,2
Logan,Illinois,40.12456858,-89.36754864,29820,48.24803979,14.04613496,14.93606939,36.1,24.3,20.78006121,25.22901337,5.251630245,82.15747664,60.83200425,12852,17.0,15.38724568,233.229875,7.989105765,0.771674989,0.544711757,76.9865977,9.968798358,11.26618677,18.2,10.0,30.69956596,3.038568018,52959.0,45.66712517,75.20938991,72.74650478,7.614117647,19.35695765,18.27139153,0.24600246,49.23076923,39.86470879,23410.0,0.2932,0.5425,0.5654,0.489,0.475,0.4683,0.1063,0.483,0.7539,0.3359,0.5839,0.1799,0.3604,0.6202,0.1461,0.0923,0.5985,0.9825,0.447,0.3938,33.2384297,76.67704918,2
Macon,Illinois,39.85998925,-88.9616116,108404,186.6822694,16.33762363,16.43921804,31.5,29.6,17.84650861,35.59056417,5.536222714,84.80878148,64.5756011,49961,27.0,15.31176454,389.6055303,13.0962996,1.448952296,0.891662951,77.54441363,11.23352399,12.45248514,14.4,14.0,31.50818394,2.786818504,50684.0,50.4509018,188.697868,69.5395915,12.05974038,22.10825884,20.01680801,0.273111976,52.09909084,15.26162791,27010.0,0.6883,0.8539,0.3082,0.3292,0.5657,0.5524,0.476,0.4731,0.8211,0.7364,0.6151,0.2588,0.4238,0.8656,0.0968,0.3346,0.8848,0.7138,0.7001,0.6301,34.17016708,76.27147541,1
Macoupin,Illinois,39.26101161,-89.92443787,46482,53.86603486,14.360908,15.81453097,28.0,23.4,19.8585916,20.66374452,5.953568262,87.94044723,62.71316344,23066,19.3,16.06301985,170.073812,10.55718475,1.487603306,0.906424953,76.75389786,10.44759766,11.95707162,15.2,10.6,30.85033473,3.02936428,53409.0,49.63697967,38.62013113,76.28915406,9.541395657,21.2830755,19.87509103,0.20714894,50.54620087,58.51355595,26779.0,0.3317,0.8007,0.3184,0.2999,0.4292,0.6437,0.3757,0.5419,0.5145,0.5498,0.0605,0.2273,0.1003,0.3454,0.3779,0.3547,0.3814,0.511,0.2343,0.2658,34.38709091,74.74392857,2
Madison,Illinois,38.82987917,-89.90514231,266759,372.7071505,15.32785539,16.47696423,36.9,23.9,20.93910179,23.23041072,4.920569001,86.98533872,70.14351539,134575,17.3,13.63835014,248.7263753,12.09643508,1.051254497,1.051254497,76.74025434,10.24866297,11.66902725,10.8,11.6,33.09000101,3.054919217,60121.0,44.65838178,155.8447132,70.76145346,11.88916202,21.83913696,17.19913333,0.376967788,51.30926677,13.34066146,29100.0,0.3422,0.6813,0.1894,0.1178,0.297,0.3225,0.4543,0.2267,0.5931,0.2076,0.4674,0.2658,0.3397,0.6543,0.1229,0.1751,0.5985,0.5129,0.27,0.2165,34.75036364,76.16229508,2
Marion,Illinois,38.64960054,-88.91898577,38503,67.26895843,16.71555064,17.38311296,29.6,32.3,18.72189336,43.08932846,6.173415024,82.0807188,60.91023155,17778,30.2,22.42625719,347.0662692,12.94191919,2.051767677,1.893939394,74.30358286,11.51662044,12.75858169,17.3,12.6,30.90017546,3.029193374,46096.0,65.81183377,126.892718,73.37397097,9.946923531,23.22700691,19.69165338,0.420344683,51.10845295,45.05667267,23366.0,0.6651,0.7752,0.5702,0.4091,0.6393,0.6151,0.5479,0.6991,0.8029,0.9067,0.3069,0.3919,0.3168,0.5142,0.7026,0.5489,0.7182,0.5123,0.7507,0.7227,35.55618182,77.67901639,1
Marshall,Illinois,41.03317278,-89.34476445,12060,31.1795245,13.49488636,14.47747257,26.5,26.5,20.258272,27.5893261,5.886287625,86.50638298,60.65708419,5510,13.6,17.9028133,161.1170784,9.485368315,1.009081736,0.201816347,76.96455476,9.922487358,11.34561809,13.5,9.2,28.96727618,3.23773315,57422.0,46.57534247,37.96180915,82.09687308,8.386009271,19.94971389,23.46107161,0.20640761,50.3641408,100.0,28279.0,0.1429,0.3677,0.2318,0.1687,0.1827,0.8602,0.2257,0.2662,0.1426,0.1611,0.1487,0.283,0.1726,0.1831,0.134,0.1547,0.2038,0.5753,0.0411,0.0455,31.66097516,75.83471698,0
Mason,Illinois,40.23966337,-89.91677898,13931,25.83463113,14.90606991,16.24035993,29.8,27.4,19.41493284,31.20759837,6.252947279,87.04152334,52.41747249,6318,23.4,14.58257382,363.5996364,11.58586689,0.805258833,0.821692687,76.96275402,10.79229544,12.2183656,12.8,11.6,29.64793741,2.910510185,48764.0,50.61992304,37.85054203,77.99900448,9.478916695,20.78142278,22.19683008,0.007634171,50.68927387,77.48534024,25166.0,0.4858,0.8539,0.4343,0.4951,0.5906,0.7876,0.3174,0.5419,0.625,0.6982,0.0468,0.0898,0.0331,0.134,0.4253,0.121,0.5801,0.3983,0.134,0.3066,33.04715698,76.57311475,2
Massac,Illinois,37.2189768,-88.7077276,14883,62.739886,16.49683601,16.24992842,33.4,30.9,18.15071786,36.66895134,6.143525466,86.32117117,62.43946731,5748,26.1,17.42889013,318.1372051,13.86554622,1.512605042,0.336134454,74.51086571,11.37922345,12.64839828,26.0,13.6,31.46617111,3.115179824,43783.0,59.70344527,37.17200114,75.31192813,10.97053726,22.07386364,21.00142046,0.160959906,52.109375,50.50878216,23673.0,0.6944,0.6361,0.547,0.609,0.6603,0.7876,0.4117,0.8325,0.4865,0.8462,0.3919,0.2891,0.3047,0.5272,0.7829,0.3719,0.8472,0.5533,0.7902,0.7189,36.03163636,74.47111111,1
McDonough,Illinois,40.45620284,-90.67791649,31727,53.8286667,17.1754568,16.74929171,34.8,27.1,20.76838597,9.358054924,7.13799519,89.25242019,71.30421503,13359,22.9,13.95062129,257.3657119,15.11824324,1.984797297,1.097972973,78.28998154,11.80151236,12.97591654,9.4,14.3,31.48885554,2.942513969,42887.0,49.2629717,104.8466643,66.72865746,12.02031603,17.07895176,17.63979302,0.517976843,51.01318645,29.50447688,22387.0,0.8695,0.7931,0.6492,0.1063,0.638,0.2732,0.0366,0.2114,0.3976,0.0331,0.4091,0.355,0.3607,0.9086,0.3037,0.5244,0.788,0.9554,0.9287,0.5154,32.86644444,73.66786885,1
McHenry,Illinois,42.32447091,-88.45235841,307083,509.0719752,13.41005033,13.61180006,33.0,21.3,22.03925349,9.321236208,5.953742869,93.09027659,70.464739,165849,7.8,6.987532431,95.73131411,13.69993643,1.671056217,0.467714104,80.43515265,9.118114809,10.55165637,10.1,6.4,29.70759866,3.220187587,86268.0,27.48704138,150.9960519,79.26787822,11.39440638,23.46177529,14.59117866,2.466045456,50.21745471,9.878546444,34589.0,0.0586,0.4502,0.0653,0.1178,0.121,0.0965,0.8195,0.0271,0.2932,0.0764,0.5374,0.802,0.703,0.6326,0.0223,0.4247,0.1076,0.0487,0.0398,0.0812,32.31279334,71.47147541,3
McLean,Illinois,40.49087795,-88.84733132,173254,146.4098895,14.71930529,14.97377371,33.5,23.2,21.94417326,11.60904667,5.12815056,91.58841157,78.26703895,87889,10.5,11.78245981,287.3039433,13.76696232,1.55408991,0.591312258,80.18287591,10.12781757,11.43826429,11.0,11.6,32.34821268,3.117595241,67087.0,35.6087482,202.1515231,64.14849076,11.87095956,21.48725901,13.2270234,0.898692811,51.41527993,16.49682731,31752.0,0.4043,0.2168,0.1041,0.0131,0.1315,0.0675,0.4228,0.0408,0.2888,0.0264,0.5743,0.5934,0.5969,0.9503,0.1691,0.3766,0.5495,0.781,0.6619,0.1933,32.9984297,75.47803279,3
Menard,Illinois,40.02739711,-89.80219266,12576,39.99525481,13.07101738,14.61642518,30.1,22.3,20.98792799,13.55932203,5.407317566,86.88296623,63.11622886,6689,14.5,8.983258473,83.76686359,11.7816092,1.819923372,0.670498084,78.86368129,9.732116125,11.2440532,9.8,9.5,29.95126842,3.208209141,74872.0,37.8042185,16.2145717,77.18353213,7.698460308,21.98079427,19.35221354,0.0,51.26139323,75.69460842,31323.0,0.3066,0.3422,0.1137,0.1598,0.1853,0.5845,0.5209,0.2763,0.695,0.5511,0.086,0.0,0.0191,0.4897,0.2404,0.4897,0.2206,0.2432,0.142,0.1019,33.31606607,76.57311475,0
Mercer,Illinois,41.2053431,-90.74145468,15971,28.45869023,13.72437355,15.15456537,32.6,24.2,20.12544389,20.42098649,5.344136181,87.4,65.0605971,8103,12.6,17.92803176,95.71209801,8.758568165,0.578827114,1.279512567,77.85523967,9.817647628,11.27142195,12.2,10.0,28.19908522,3.104676905,58384.0,37.99065421,30.75170055,77.85326087,8.444724013,21.39606436,21.66527787,0.080488296,50.05448369,77.75952294,27566.0,0.1611,0.3964,0.2748,0.1598,0.2069,0.773,0.4072,0.2267,0.291,0.2611,0.0837,0.092,0.0458,0.4527,0.1493,0.07,0.3986,0.3792,0.0755,0.0646,31.33424788,75.63704918,0
Monroe,Illinois,38.27855366,-90.17738453,33703,87.53647603,11.51516969,12.96732071,36.3,20.7,21.90930146,7.84973367,3.659052454,92.85900955,80.03033367,18595,4.3,14.07748482,31.12448311,9.63161934,0.798158097,0.729086723,82.25675443,8.719403403,10.2581348,8.9,6.7,28.30144104,3.704137887,88481.0,17.36272235,118.8896648,84.47823807,9.175774135,22.09989806,17.76612786,0.482445219,50.31891656,41.35995388,35699.0,0.0038,0.2057,0.0519,0.0166,0.0143,0.3684,0.568,0.0707,0.1086,0.0576,0.0487,0.1223,0.0436,0.3871,0.1229,0.0942,0.1404,0.1095,0.0105,0.0003,35.28636364,78.09836066,0
Montgomery,Illinois,39.23104017,-89.47889222,29301,41.63929949,15.43920651,16.11002039,31.0,27.3,20.0189026,24.3449173,5.981441827,86.09666395,54.97536946,11891,20.1,14.93574158,132.0532496,9.74745237,1.240584847,1.240584847,77.25696356,11.10003995,12.00063514,12.4,12.1,31.24078225,2.989294905,53138.0,51.0693302,61.97650381,77.09674575,8.451364788,20.06573197,20.1531415,0.261172374,47.6137198,41.62237576,21072.0,0.4811,0.3422,0.7469,0.5645,0.5517,0.6243,0.2034,0.4107,0.7052,0.4269,0.397,0.0716,0.192,0.4492,0.3862,0.2512,0.5193,0.9774,0.5282,0.439,34.72727273,74.74392857,2
Morgan,Illinois,39.7155671,-90.20147724,34801,61.18281796,15.91118254,16.13652531,32.1,25.9,19.54769868,24.750499,5.221817016,77.68716418,60.08936119,16309,23.1,14.49789928,169.0259878,11.45342515,1.087350489,1.123595506,77.63238902,10.92691591,12.18608424,14.6,12.0,31.59957525,3.195795384,48976.0,51.10159119,81.55134002,67.83756492,11.29321958,18.86037203,20.01118437,0.42265168,49.2376972,36.22809239,25201.0,0.4575,0.5552,0.4311,0.2416,0.412,0.6243,0.1862,0.4107,0.689,0.4046,0.3846,0.3744,0.3566,0.8112,0.3212,0.1929,0.6425,0.9363,0.7042,0.4623,33.85327273,75.11934426,2
Moultrie,Illinois,39.6414236,-88.6193077,14915,44.39740347,14.60219678,15.69626036,24.8,24.2,20.26807918,16.95457454,8.030979039,96.06444906,63.98467433,7524,13.4,13.61655773,209.4588798,10.5081826,2.583979328,2.153316107,78.39913731,10.54007663,11.97770658,4.9,9.8,29.95628085,3.186771084,59901.0,46.68571429,86.74208712,77.59729272,7.257924822,25.40599307,18.9033091,0.386663748,51.04980635,69.23750505,25351.0,0.2732,0.148,0.4164,0.6479,0.3416,0.659,0.7835,0.1337,0.3645,0.4241,0.0223,0.3117,0.121,0.4795,0.2302,0.6969,0.9093,0.5925,0.7065,0.3515,34.89071253,76.27147541,2
Ogle,Illinois,42.0426525,-89.32067405,52034,68.59419791,15.00177314,15.02807548,37.1,28.2,20.17814192,17.85412083,6.64981341,94.19279216,63.32539142,25289,11.2,14.49190216,71.13422292,12.58421559,1.684311838,0.601539942,78.80497729,10.31708717,11.49262335,7.3,9.0,29.4699161,3.278989588,61794.0,34.63213385,83.20720412,73.91512368,10.1550158,22.42601575,18.74791352,2.402687053,50.33285549,47.09983737,28026.0,0.2003,0.4502,0.249,0.4257,0.2948,0.4782,0.5791,0.2114,0.4715,0.2859,0.4222,0.7797,0.6186,0.6087,0.1659,0.4327,0.3986,0.1789,0.1719,0.2617,30.75279334,75.03737705,0
Peoria,Illinois,40.78806447,-89.75998456,186818,301.7138796,15.62308231,16.59556525,35.9,22.0,19.00361065,34.72533698,6.320635688,82.22708495,71.20120308,87398,22.8,13.87894717,523.7788085,13.85849745,1.591406405,0.749287183,77.38472063,10.98781786,12.02428097,10.7,14.3,31.57035317,2.874956761,56478.0,49.79039363,238.5219006,65.07490255,12.83578307,23.59581666,17.06113907,1.358491445,51.54660865,14.64551138,29055.0,0.5536,0.6813,0.191,0.2773,0.4158,0.2639,0.6928,0.1445,0.7867,0.3887,0.6925,0.6065,0.6765,0.9265,0.063,0.3941,0.8848,0.6418,0.7077,0.5511,31.95952061,76.17409836,1
Perry,Illinois,38.08377711,-89.36698605,21595,48.88262065,15.28088909,16.14586717,32.1,26.4,20.70729155,32.49590388,5.660877635,91.44970131,46.65723382,8456,23.4,25.36997886,131.4940111,12.91718171,0.729295427,1.174289246,78.06601326,10.7557966,11.58021067,11.5,12.5,31.8330726,2.979042736,49965.0,48.89992903,94.40731215,74.94893668,10.58160389,19.38698404,18.63134032,0.093748458,44.93718712,43.64205817,22650.0,0.5234,0.4616,0.6262,0.6125,0.5785,0.4909,0.1614,0.5559,0.6578,0.3738,0.4511,0.1229,0.2509,0.7151,0.5699,0.0876,0.4187,0.9395,0.6052,0.4846,35.65272727,77.08983607,2
Piatt,Illinois,40.01034967,-88.59110974,16469,37.50029948,11.97634425,13.4295471,25.2,22.2,21.38773778,15.01743095,4.736170532,92.54761905,72.91005291,8430,8.2,14.59410155,167.1841414,7.657657658,0.345345345,0.900900901,79.34291341,9.117349345,10.58561002,19.0,7.5,28.88041339,3.307752698,67460.0,33.94379539,42.4584098,81.76119403,6.530984204,22.54818248,19.35838009,0.084033613,50.44523054,67.66094805,33197.0,0.015,0.4241,0.0809,0.0229,0.0684,0.5944,0.5154,0.1404,0.1812,0.1344,0.0497,0.0786,0.0302,0.3855,0.1229,0.0261,0.0372,0.0433,0.0032,0.0029,34.24188425,74.41770492,0
Pike,Illinois,39.622509,-90.88630314,16054,19.30959223,16.5517029,16.71050823,29.8,32.1,19.27030181,30.86223354,7.148760331,83.00920245,53.3768445,7256,19.6,11.37728336,94.02914904,9.826152683,1.11866969,1.133786848,76.81250557,11.41702049,12.60581429,8.7,11.1,30.07038436,2.964207521,47815.0,52.66084194,54.41693259,78.22889536,7.945643485,22.33040805,20.95317404,0.182518759,49.84946512,72.30675593,22048.0,0.4155,0.4616,0.6749,0.454,0.5158,0.7377,0.4556,0.581,0.3457,0.5871,0.1108,0.0923,0.0605,0.1219,0.4101,0.178,0.4537,0.7122,0.2012,0.2849,33.92654545,75.81344262,2
Pope,Illinois,37.41270136,-88.5615292,4255,11.53836494,14.55316272,14.57587561,26.6,22.5,18.62900511,28.71410737,7.548430194,85.7,54.01360544,1751,27.1,20.80924856,154.3954999,9.433962264,1.257861635,0.628930818,79.21857793,10.40540586,11.62673723,9.5,11.2,30.09588617,2.788469679,43053.0,56.39097744,2.935998209,85.0973236,8.871493803,12.1320038,27.9677113,0.0,48.29059829,100.0,21427.0,0.4508,0.7163,0.723,0.5002,0.6275,0.9583,0.0522,0.9873,0.1095,0.5753,0.3324,0.0,0.1203,0.0936,0.8348,0.2337,0.5033,0.8704,0.4995,0.4776,36.01254545,74.47111111,2
Pulaski,Illinois,37.22288954,-89.12658824,5792,29.07846835,21.1744064,19.37142409,34.6,22.9,15.8162163,42.45709124,7.451810061,95.17438017,57.40281224,2055,33.4,23.59774914,351.094589,12.91028446,0.875273523,1.750547046,76.26606881,13.37961107,14.07663146,19.6,17.1,35.02528673,2.434029497,38400.0,83.27228327,8.349575974,74.82742752,11.86440678,21.5815486,22.40527183,0.151000378,51.40032949,100.0,18924.0,0.6651,0.9325,0.8851,0.7135,0.8593,0.7676,0.4912,0.9599,0.1706,0.7759,0.774,0.2216,0.4982,0.3725,0.8138,0.1114,0.957,0.0427,0.376,0.738,35.94127273,77.81114754,1
Putnam,Illinois,41.204469,-89.28584768,5746,35.8765202,12.90222948,13.63129888,26.0,19.6,20.48021002,15.09433962,5.846501129,84.7,59.31208054,3040,12.5,0.0,11.56470452,9.016393443,1.18852459,0.409836066,78.73779359,9.427964918,10.80654759,5.7,8.3,29.40345543,3.164415309,66319.0,34.94809689,10.56031335,80.5427975,7.211961302,20.05226481,22.61324042,1.144622093,49.07665505,100.0,32584.0,0.1678,0.3531,0.0885,0.1847,0.1496,0.7593,0.2124,0.1789,0.2569,0.1264,0.2627,0.6014,0.4206,0.0277,0.219,0.2127,0.042,0.0185,0.0013,0.0213,31.50315698,75.83471698,0
Randolph,Illinois,38.05214073,-89.82532905,32934,57.22647905,16.01917104,17.19819368,27.2,26.8,20.1326333,32.32073472,5.493967321,87.71135092,47.96645221,14202,17.8,20.97276625,97.46910725,8.777824444,0.915581688,0.58798824,77.16585075,10.84932152,11.62140387,13.6,11.1,31.37372564,2.981967834,53607.0,48.72110182,85.13469607,75.69274825,6.170550848,19.32037625,18.60088457,0.397800776,45.00716377,42.64249014,23424.0,0.2127,0.2719,0.5642,0.6304,0.4088,0.4909,0.1385,0.483,0.4642,0.1996,0.4795,0.2022,0.3053,0.2518,0.5737,0.1414,0.3473,0.9513,0.3572,0.2843,35.52872727,77.08983607,2
Richland,Illinois,38.71239866,-88.08511317,16072,44.64212206,16.57163833,16.86683598,28.1,21.8,18.94589724,34.44782168,6.342898021,91.7,65.17317207,7455,20.9,18.86673794,333.6035418,9.689922481,1.550387597,1.317829457,77.13714677,11.66480273,12.81267808,13.3,11.5,30.61030989,2.614069655,48152.0,53.50398657,39.00279966,71.72169084,8.208353491,23.26968217,20.47833534,0.478953049,50.52337753,43.46701164,23972.0,0.4362,0.3298,0.5231,0.4951,0.4403,0.7377,0.5288,0.6991,0.383,0.7523,0.0987,0.0805,0.0471,0.5629,0.5046,0.4085,0.6425,0.5078,0.5482,0.398,35.51727273,76.50393443,2
Rock Island,Illinois,41.4673262,-90.56738489,146536,342.8067458,17.0094104,16.5978529,33.7,22.3,20.27725642,32.62023484,6.742918527,92.54257729,64.38651176,71847,21.9,12.84459422,346.5146119,13.66056572,2.229617305,0.948419301,78.1807584,10.86900824,11.95019503,14.1,11.2,32.81076967,2.715913348,52642.0,56.19009046,204.8330335,68.65028029,11.60706695,22.2774382,19.28671494,2.50856026,50.73774891,10.91998428,26893.0,0.4635,0.6205,0.313,0.4021,0.4435,0.5237,0.4788,0.2662,0.7959,0.539,0.6628,0.8383,0.8001,0.8911,0.134,0.6059,0.7835,0.6915,0.8036,0.6676,30.87752061,75.63704918,1
Saline,Illinois,37.75319887,-88.5408089,24659,64.92173997,17.85851737,18.73181196,27.1,35.6,18.13006134,47.22096701,7.053742802,87.89246101,66.37931035,9879,29.7,19.91535972,345.6446599,13.33666334,2.147852148,0.4995005,73.77488849,12.28268614,13.51675773,11.2,14.3,31.63232307,2.909301215,40761.0,58.1920904,111.7208,72.3855229,12.68282491,21.66820045,20.26687861,0.746957248,50.64418974,43.66395055,21917.0,0.8364,0.9446,0.6858,0.5603,0.8112,0.6753,0.3935,0.8707,0.7227,0.9061,0.3056,0.5345,0.4056,0.4381,0.6138,0.5657,0.8322,0.5565,0.7533,0.8309,35.93363636,76.15185185,1
Sangamon,Illinois,39.75817299,-89.65888305,198639,228.7673111,15.74953111,16.90159599,30.6,23.6,20.28360572,25.54988311,5.457399885,85.27777517,70.76832797,104949,20.0,19.03772932,814.5215174,13.23086197,1.398432791,0.669077758,78.02181254,10.82071163,12.2249557,11.2,12.6,32.69653258,2.954481248,62242.0,45.27126591,216.4854853,68.91024492,12.90788299,22.18963081,17.85889797,0.373715354,52.01333006,14.12655407,31904.0,0.469,0.5947,0.0996,0.1426,0.2907,0.3225,0.553,0.3445,0.7428,0.4444,0.5571,0.3442,0.439,0.843,0.2346,0.3082,0.766,0.5317,0.5788,0.3855,33.81234889,76.57311475,1
Schuyler,Illinois,40.15803606,-90.61508532,7205,16.47713001,15.73563351,16.45989113,25.9,21.9,18.9306833,24.78134111,6.837294333,88.0,64.95726496,3334,14.9,17.0575693,139.7428731,4.222972973,0.641891892,0.506756757,75.63520533,11.05456987,12.1732202,14.7,13.0,31.34334526,3.033544328,52018.0,39.6795476,47.12270332,76.4809591,4.629294756,18.16997249,22.78847546,1.256652868,47.53148979,57.63520679,24323.0,0.7558,0.4094,0.4938,0.3919,0.5272,0.7211,0.1054,0.6743,0.7584,0.6877,0.2178,0.3228,0.2321,0.2633,0.5342,0.0544,0.0621,0.9475,0.1958,0.3604,33.53018182,73.66786885,2
Scott,Illinois,39.64412763,-90.47470403,5169,20.60078875,15.15132631,16.01112478,28.2,25.6,19.32669499,17.62114537,5.01497006,95.43209877,52.1978022,2481,15.0,13.99440224,27.92126204,9.330143541,1.339712919,0.717703349,76.85299361,10.90621861,12.23491958,13.7,11.3,29.83397103,2.912493627,55198.0,48.15256257,18.53879347,78.20316488,7.131452901,21.57937475,19.87413723,0.166597251,50.58871295,100.0,25568.0,0.4508,0.8259,0.4015,0.1356,0.4489,0.6686,0.5046,0.1337,0.5403,0.3601,0.0242,0.2295,0.0802,0.0395,0.4578,0.3072,0.5033,0.148,0.0764,0.1684,33.94327273,76.38827586,2
Shelby,Illinois,39.39112609,-88.80559467,22011,29.01776704,14.99488796,15.60828073,32.3,25.5,19.24383165,28.8248337,5.083540704,93.46118722,59.48512344,10725,13.3,17.03577513,51.85227862,8.627238199,1.345632122,0.976668475,80.43470828,10.83262191,12.05398235,11.3,9.8,29.67670576,3.292534722,56509.0,45.18438955,54.68594524,80.23470607,8.226918296,21.35136378,22.52426291,0.111363967,50.25527805,77.73107365,23974.0,0.3244,0.3018,0.5224,0.1356,0.2818,0.7791,0.3744,0.2114,0.3569,0.2738,0.0159,0.1032,0.0287,0.3715,0.5116,0.2964,0.2496,0.1554,0.1076,0.0952,34.88453071,75.89766667,0
St. Clair,Illinois,38.4703081,-89.92839417,265569,403.7360948,17.55936737,17.63409496,37.1,31.4,20.29093052,29.59679482,6.179024716,88.17864201,67.37177032,127192,22.0,11.08660121,615.2203185,15.02873283,1.568130905,0.74997565,76.47446591,11.57651995,12.40530894,9.8,15.5,34.50071602,2.85964104,58222.0,49.89411956,182.5253798,64.92630721,13.96644667,23.39432849,15.80523943,0.702353065,51.75841476,9.754643481,27683.0,0.6227,0.6937,0.269,0.2639,0.4613,0.1818,0.7182,0.2595,0.9089,0.5422,0.7867,0.4234,0.6218,0.7558,0.2709,0.3855,0.872,0.3422,0.5486,0.5435,35.16690909,77.40983607,1
Stark,Illinois,41.09333242,-89.7975205,5840,20.27221703,14.79505682,15.85907311,25.5,24.0,19.19490815,23.31002331,6.280644408,90.9,54.22535211,2587,17.2,18.40264998,40.73319756,9.243697479,1.218487395,0.588235294,76.68287045,10.74877057,12.13251177,6.3,11.1,29.24581917,3.322346425,52651.0,42.95532646,18.80356021,80.25283348,8.927749655,21.50359315,22.29592777,0.077071291,50.48829925,100.0,28545.0,0.354,0.5116,0.2194,0.4664,0.3671,0.923,0.3104,0.5718,0.192,0.4709,0.0595,0.1114,0.0436,0.0,0.1605,0.1757,0.234,0.4416,0.0178,0.0968,31.49933879,76.17409836,0
Stephenson,Illinois,42.35172404,-89.66236988,46283,81.9822653,16.52765326,16.16315354,34.0,25.0,18.24828708,28.62043091,6.287029048,81.76949868,66.61968777,21904,20.9,15.09299951,127.64783,12.51596424,0.664112388,1.22605364,79.06087328,11.42189126,12.68329319,10.7,12.8,30.56147303,2.958091919,47357.0,52.18195837,107.0273543,68.68274772,10.67110196,21.35946194,22.72920251,0.337837838,51.38649923,40.09347949,24529.0,0.5107,0.7163,0.4756,0.2477,0.497,0.7943,0.3827,0.3795,0.8879,0.8083,0.5142,0.2951,0.3875,0.7784,0.1815,0.0739,0.8472,0.4543,0.3967,0.5059,30.28206607,71.56590164,2
Tazewell,Illinois,40.50753266,-89.51342674,135400,209.3106596,12.97728196,15.30132726,32.5,25.4,21.07699631,22.06649769,4.623842646,88.9993794,69.35479082,65386,12.2,13.92987134,241.3002839,8.533235671,1.245193188,1.190258195,78.71139215,9.616800999,11.14468501,12.4,9.3,28.09259076,3.231557342,61508.0,36.37299603,149.3246245,76.45798619,7.323954258,22.66716039,18.76473611,0.317846274,50.84940451,20.41818692,30700.0,0.0608,0.2588,0.1324,0.1063,0.0742,0.4683,0.5756,0.1445,0.3712,0.1913,0.1926,0.1936,0.1477,0.7128,0.0745,0.2569,0.3298,0.4947,0.1993,0.0716,32.48570243,76.17409836,0
Union,Illinois,37.47123876,-89.2551183,17458,42.22419598,16.72282027,16.92343091,37.2,28.9,18.97067244,27.98277983,7.252763669,91.4528103,58.66633979,7423,24.5,14.11764706,211.999152,11.66912851,2.34859675,0.960118168,76.09347484,11.68630925,12.69646945,10.2,11.7,30.685557,2.839800278,49716.0,61.41304348,76.29191702,77.61283551,9.475518935,21.02012945,21.35858916,0.474722565,49.89014904,65.86927224,24296.0,0.4858,0.4241,0.4963,0.5861,0.5113,0.7109,0.2824,0.689,0.4015,0.5552,0.3212,0.3967,0.3311,0.4963,0.6663,0.6393,0.3814,0.6794,0.68,0.5279,35.84127273,77.77278689,2
Vermilion,Illinois,40.18345022,-87.73284619,79613,88.61958079,17.94663511,17.67373955,40.9,31.5,18.97343856,47.58180943,6.462568211,83.15611608,50.60471734,33578,29.5,14.76081069,704.7315858,12.17501585,1.42675967,0.824350032,74.92424163,11.86826744,12.86267257,16.5,14.7,32.21226366,2.653844504,44638.0,59.2393453,160.2517682,69.15651058,11.13036524,23.55284743,19.34223889,0.715211902,50.23696065,31.25635528,22733.0,0.7405,0.8259,0.6205,0.5002,0.7179,0.5119,0.7023,0.5005,0.8746,0.8752,0.5836,0.4706,0.5298,0.7603,0.2346,0.3308,0.9064,0.702,0.7233,0.7953,34.78398526,74.84862069,1
Wabash,Illinois,38.4460344,-87.84450832,11587,51.9005991,15.01181025,15.8928839,35.4,22.1,19.62958477,31.63126977,5.981595092,76.9,63.40344168,5728,18.8,20.01914875,156.5081297,9.494324045,1.444788442,1.547987616,80.07501315,10.75225029,11.98653104,12.4,10.7,29.41225622,3.024103314,53414.0,50.70943862,123.4303639,76.32761438,7.50802139,22.55606546,20.66845614,0.645637336,49.57139146,38.89679417,24697.0,0.263,0.7291,0.4655,0.3438,0.4444,0.659,0.397,0.7195,0.1936,0.4489,0.1286,0.4199,0.2356,0.7727,0.489,0.3515,0.6934,0.0914,0.4266,0.3617,35.58872727,76.14131148,2
Warren,Illinois,40.84882236,-90.61501176,17611,32.46834901,15.99009272,15.12656684,26.1,26.6,19.87809186,18.63841475,7.731520816,93.92636139,60.50288109,8691,17.2,11.65025922,230.6640848,10.05873715,3.010279002,0.881057269,78.82159516,10.7907539,11.89684195,17.5,9.8,31.26403194,2.884541017,53532.0,67.30480481,24.08248151,75.53064275,7.601061339,21.92343823,19.53381869,1.728379875,50.69868483,45.47918902,23350.0,0.4858,0.6714,0.5718,0.5002,0.5794,0.6049,0.4483,0.2203,0.4521,0.2773,0.49,0.8274,0.6896,0.5247,0.1751,0.7899,0.4537,0.873,0.6552,0.6017,32.28224788,74.01147541,2
Washington,Illinois,38.35217318,-89.41045417,14369,25.54157189,13.61886952,14.89822675,28.4,29.5,20.8006877,22.6068527,5.336074365,92.07762712,73.63940407,9625,10.5,24.94654312,331.5912777,9.208261618,1.549053356,0.499139415,78.99539092,9.78423685,11.1840459,10.7,8.5,29.64713643,3.077669859,66937.0,37.9049676,50.46798349,78.66108787,7.817990162,21.38620936,20.11432655,0.358556809,50.06788139,73.64773036,29548.0,0.219,0.3018,0.1751,0.2477,0.191,0.6243,0.3266,0.2114,0.2346,0.1226,0.0697,0.3069,0.1407,0.277,0.5116,0.3566,0.0497,0.4594,0.1321,0.0713,35.56163636,77.1042623,0
Wayne,Illinois,38.42957814,-88.42563348,16517,23.13909093,15.30847271,16.05691583,31.1,26.3,18.99280769,37.27272727,6.68368531,80.07116477,63.39407125,6949,21.0,23.64352834,283.0674215,8.742004264,1.620469083,1.421464108,77.97187153,11.13483441,12.3554691,14.0,12.0,30.19029818,3.109000636,50471.0,43.6011304,72.33346298,76.32508834,6.482307464,22.7038942,21.53441097,0.782968811,50.79598335,69.93436754,24342.0,0.4947,0.2719,0.4916,0.5002,0.4323,0.7469,0.5107,0.6606,0.206,0.5912,0.0535,0.4397,0.2073,0.4091,0.8348,0.4011,0.5339,0.043,0.3391,0.3419,35.57818182,76.1904918,2
White,Illinois,38.0874217,-88.17955296,14410,29.12485704,15.07947709,15.98955568,29.4,21.3,19.10166535,47.50687083,6.081018732,92.19399076,65.0,6685,19.3,27.98105898,278.3576896,9.862570736,1.455133387,0.970088925,75.4130456,10.92045143,12.29966693,4.8,10.8,29.29832903,2.870448276,49507.0,56.0677699,110.9221138,77.90200592,9.048117155,21.86608123,21.60995243,0.438895195,50.73545554,62.0320491,25065.0,0.3906,0.7163,0.4438,0.4664,0.5189,0.8507,0.3967,0.8141,0.4801,0.8555,0.0401,0.4308,0.1945,0.2181,0.5807,0.3464,0.766,0.6275,0.5008,0.5119,35.69890909,76.33672131,2
Whiteside,Illinois,41.75628031,-89.91411599,57155,83.52946881,14.5412921,15.23500527,33.5,26.0,19.77343864,29.44054804,5.978433238,87.54533234,61.70503945,28466,17.1,15.32485121,190.9600245,10.1871544,1.276052744,0.723096555,78.02810672,10.27421476,11.56289906,10.3,8.8,29.33364385,3.149111162,57197.0,50.1602387,106.5900895,75.18632742,8.643815201,21.93218998,20.85355769,1.002199951,50.44044152,37.34315703,26155.0,0.2321,0.4957,0.362,0.3973,0.3429,0.659,0.5272,0.5005,0.5116,0.6472,0.4881,0.5068,0.4973,0.6794,0.1566,0.2697,0.7049,0.467,0.3639,0.4024,30.62279334,74.67377049,2
Will,Illinois,41.44502926,-87.97856177,685378,818.9147423,14.6175548,13.07046548,31.8,22.8,20.83845236,12.88129478,6.262618166,91.3453705,69.06360023,357226,8.6,6.886485597,162.8617623,14.71817212,1.955903272,0.597884068,79.73978934,9.342765439,10.622888,9.7,7.2,31.47671802,3.015086818,86108.0,37.27676032,236.9417677,81.04218602,12.34859147,24.86501712,13.05860092,3.233019544,50.37613208,3.929393707,32311.0,0.0551,0.4957,0.093,0.2416,0.1738,0.057,0.9045,0.0318,0.5107,0.1646,0.7514,0.8558,0.859,0.7501,0.0509,0.5218,0.1624,0.2725,0.1614,0.2209,33.25461152,75.58065574,3
Williamson,Illinois,37.73025754,-88.92992682,67336,160.2571383,15.46163892,16.09802579,26.9,28.8,19.61996744,31.85883104,5.385702176,83.93264033,67.19588938,31873,20.0,18.86288023,63.02289307,10.5578435,1.08573568,0.580307001,76.93773234,10.63542807,11.91498894,12.6,12.0,31.48353045,3.112893169,46187.0,49.92740296,101.7673202,69.87707187,11.63413701,21.84591983,18.95878072,0.676006507,50.31167979,34.79813735,25238.0,0.4508,0.6078,0.4263,0.2837,0.4365,0.5237,0.3992,0.6253,0.6087,0.616,0.3496,0.3426,0.313,0.4874,0.4015,0.1897,0.6425,0.6676,0.4234,0.4091,35.81054545,76.37606557,2
Winnebago,Illinois,42.33626415,-89.16084976,288896,562.7132007,18.42355788,17.02951657,33.3,24.7,19.81697658,28.99843506,7.397314444,79.38202301,59.78178273,141196,27.2,10.07802569,887.4964157,15.48993876,1.942257218,1.255468067,76.74425866,12.14568978,12.26207205,10.5,12.7,36.04682051,2.845209341,53795.0,48.38745651,271.146209,65.74410163,13.34020526,23.40529638,17.53689969,2.229695971,51.19877781,7.914219721,26187.0,0.4858,0.8742,0.3591,0.489,0.5734,0.3225,0.6963,0.3445,0.9105,0.7001,0.6937,0.8032,0.7975,0.8217,0.063,0.5202,0.788,0.3467,0.5018,0.6743,30.93515698,75.03737705,1
Woodford,Illinois,40.78823179,-89.21114894,39123,74.1231113,12.50845768,13.56310834,27.1,23.2,21.61336407,11.66984935,4.494453249,94.05287449,74.70224462,19161,7.7,14.71879358,73.28965868,9.075224293,0.890269151,0.855762595,79.98824413,9.234024161,10.68349349,11.8,7.9,28.22743845,3.403570601,72247.0,25.55842577,39.54995242,81.94425374,8.296026861,24.04388633,18.09531238,0.08783246,50.1104958,54.88568177,32360.0,0.0551,0.2837,0.092,0.0548,0.0519,0.3999,0.8144,0.0503,0.1595,0.1324,0.1,0.0853,0.0525,0.3836,0.1296,0.135,0.2939,0.6371,0.1035,0.0245,32.06315698,75.47803279,0
